cell,nCounts,nFeatures
AAGAACCTGGTGGCAA,16957,7664
AAGACCTTGTTTACCT,3528,1925
AAGATGCCTGTTGTGG,3903,1861
AAGATGGCTCTGTTCG,5939,2863
AAGCAAGTGTTGGATC,3731,1682
AAGCATGCGTTGGAGA,14907,6902
AAGCATGCTACTAGAT,5029,2878
AAGCGGTAACACAGCT,3488,2003
AAGCGTATGCTCCTGT,13850,6910
AAGCGTTACTAGGATC,6068,3287
AAGCTGCCTTTGCTTG,8379,4146
AAGCTGTACTATGATG,11357,5552
AAGCTGTCATACTTGG,6844,3483
AAGGATGTTGGTTGCA,16266,7458
AAGGGATTGTATTGGC,8296,4001
AAGGGTCCTTCTAGAT,13306,6091
AAGGTCTGTCCAATGT,8896,4515
AAGGTTAGGTATGATG,5621,3157
AAGTCTGACTTCTGAG,4131,2175
AAGTTGGCTGTCAGTC,7380,4012
ACAAAGTCTGTTCGTG,5354,2730
ACAACATGGTGTATGG,3816,2195
ACAACTATGGTAACTG,5211,2769
ACAACTCTCGTGGTCT,4503,2326
ACAACTGTGGTGATGC,17952,7627
ACACAAGTGTGGTAGG,3365,1777
ACACATAGGTTTGCTC,3780,2095
ACACATGCGTCTGAAT,36781,13925
ACACGCAATCATGCTC,12952,6257
ACACGTCTGTATTGGC,8813,4272
ACACTAACTGTGTACT,9002,3629
ACACTCCTATTACTGG,3557,1941
ACACTCTCGTTGGATT,7224,3665
ACACTGGTCACATGTT,8653,3842
ACACTGTCTGATGTAG,10169,4897
ACACTTGGTTTGTCAT,4395,2392
ACAGCATGTTCAATTG,7883,4104
ACAGTGTGATTAACTG,3895,1944
ACAGTTGCTTTCGCAG,4584,2458
ACATCAACTGGCTGAA,17688,9393
ACATCCTCTCAATGCG,27946,10128
ACATCCTGATGCATTG,9591,4867
ACATCGTCTGTGTACT,3461,1789
ACATGTCGCAGTTCGT,3524,1876
ACATTCTTCGAGTCAG,14553,6620
ACATTGCATGCAACTC,4505,2386
AGTAGTTGGTGCGTAA,4692,2637
AGTCAACTGTGGTGTG,7584,3650
AGTCAGGTGATGCAAG,7041,3850
AGTCAGGTGATTCAAG,4987,2512
AGTCAGTGCATGGATC,3528,1916
AGTCATAGGTATCGCT,24670,11366
AGTCCTCTACTGTTCG,3600,1972
AGTCGCATCATCAGAT,25204,12201
AGTCTATGGCGTCTCT,3710,1938
AGTCTCAATCGAACTG,7611,3133
AGTCTCTCTTGTAATG,21379,10335
AGTCTGGAACATCGCT,15736,7114
AGTCTGTAGTAGTGGT,6954,3675
AGTCTTAGGATTCAAG,4355,2321
AGTCTTCCTTTATCGC,3648,1957
AGTGCAATGGATGATG,4131,2167
AGTGTGCGTTTCGTGG,13088,6046
AGTTCTGCTTCGCTTG,8006,4085
AGTTCTGGATCGCTAG,7588,3702
AGTTCTTGTCTGCAAG,6032,3233
AGTTGCGTCTATCTCG,6600,3268
AGTTGTCCTCTCCTTA,4998,2457
AGTTGTGGTGGTCTTC,7608,3175
AGTTTCCTCCCTTGGC,6256,2756
ATAAACCTCTTGCGTT,5983,2683
ATAAAGTCTCTAGTGG,6295,3379
ATAACTCTGTCTAGGT,4564,2454
ATAACTGCTACAATTG,12509,5800
ATAAGGTTGAGTCAAG,4661,2306
ATAAGGTTGTCTAGGT,12927,6748
ATACCTGACTCGTCTT,6097,3489
ATACCTTCATGATCTG,4424,2423
ATACCTTGTGGATCTC,9068,4516
ATACCTTGTTTGGATT,14057,6614
ATACGCATACGTTGCA,4691,2642
ATACGCATACTTCTCT,16124,7536
ATACGGTAACGCCTCA,4335,2276
ATACGGTAACGTTCGT,3804,1995
ATACGGTGTACGTTCT,20110,9905
ATACGTCGTTAGTGCA,3433,1796
ATACGTGTTCAAGCGT,5090,2514
ATACTCTCTTATCTTC,50086,17087
ATACTCTCTTCGTCTC,10164,4270
ATACTCTCTTTGAAGG,46068,14883
ATACTTCCTTTCAGAG,5829,2873
ATAGCTGTCTTTCTCT,6824,3778
ATAGTGGAAGCAACTC,26989,11485
ATAGTTCTCGAGGTTG,11723,4583
ATAGTTGCTTTGTTCG,22872,8762
ATATACTGCTCTCGTG,4030,2172
ATATAGTGTGGTAGTG,6704,3299
ATATCAACTGGCATCT,6694,3246
ATATCATGGTTCTTGG,6559,3407
ATATCTACCTGTGGTA,4561,2412
ATATCTCGTTTGTGAG,10512,4289
ATATCTGGACGTCGTG,3370,1840
ATATCTGGATGTTCAT,7594,4251
ATATGGCATCGGAATG,15043,7019
ATATGGCATTGTCAAT,4116,2187
ATATGGTGGTGTGATT,6939,3436
ATATGTCCTTGATGCT,6910,2923
ATATTAGTGGGATCTC,4500,2349
ATATTCCTCAGATCTG,5810,2981
ATATTGGTGCTAGTCA,4149,2222
ATGAACTCTGTGGATC,17629,7601
ATGACTGTGGGGTGAG,3703,1485
ATGAGTAGGTGGACTG,28953,12100
ATGCAACTCCTTCTCT,9091,4150
ATGCCTGCTATCCTGT,6464,3440
ATGCCTGGTTGTTCTC,5919,3043
ATGCGGCTATTTGAGG,18382,8494
ATGCGGTACTTTCTCT,3954,2280
ATGCGGTGTTCTGGAT,5259,2772
ATGCGTATCTAGTGCA,5027,2655
ATGCGTCTACTGCATA,6892,3468
ATGCGTTCTTGCTATC,5558,2941
ATGCTAGTCTACTCAG,3999,2120
ATGCTCATCTTGTGAT,4402,2438
ATGCTGCTATAGGATC,21873,9766
ATGGCAATTGGTTCTC,11703,5029
ATGGCTTGGTTGCGTG,23993,10721
ATGGTACTCAGCATAT,15462,7708
ATGGTCCTATAGTGCA,10007,4812
ATGGTTCTCGCTACTC,16572,8525
ATGTCAACTGAGGATC,5027,2628
ATGTCAGGCTCTAGGC,4053,2170
ATGTCAGGTGTTCAGG,10196,5072
ATGTCAGTTGAGGTTG,4089,2094
ATGTCCTGATGCTAGT,5070,2590
ATGTCTCGTTTCAGAG,3567,1975
ATGTGGTGTTCATAGT,25861,12190
ATTAACCTCTGGTGTG,3372,1521
ATTACTCTGTCTCGTG,4219,2247
ATTACTTCTGTGGATT,12718,5453
ATTAGTCTGTTCTTAG,4352,2271
ATTAGTTGCTCGTCTT,18530,7532
ATTATCGTCCGGTAGG,12377,5556
ATTATCTCGTCAGGCA,7876,3965
ATTATCTCTGGCGTTC,3448,1652
ATTCAACTCCGTGATT,5200,2751
ATTCCTTACTTTCGTG,5664,2872
ATTCCTTCATTAGTGG,32152,12921
ATTCGCAGTAGGCTAG,4479,2374
ATTCGTGTTCGGAATG,6255,3263
ATTCTAGGCTTATCGC,10728,5269
ATTCTATGGCGTCAAT,41636,16994
ATTCTGTTGTTGACTG,15115,7133
ATTCTTGGCAGGTGTA,3970,2108
ATTCTTGGTAGTCAAT,28459,10886
ATTGATGTTGTGACTG,3964,2165
ATTGTACTCATACTGG,8174,4079
ATTGTAGGTTTTCAAG,7369,4008
ATTGTATCGTTCCTTA,12044,6383
ATTGTCCTCAAAGCGT,8253,4206
ATTTAGTGGTGGTTGC,7187,3605
ATTTCGTGTTTTGTGG,11930,6302
ATTTCTGGACTGCAAG,17713,7447
ATTTGCTCTGATGTCG,11959,5010
ATTTTCACTCCTGTTC,10253,4543
ATTTTGCATGGGCTTA,5265,2383
CATAACTCTGATGCTC,8453,4208
CATACCTCATTGGAGG,8439,4325
CATACTCTGTGGTTGG,26469,10475
CATACTTCTGCTGGAT,5134,2446
CATAGGTTGATGCATC,3918,2147
CATAGTCTGTCAGGCA,4399,2258
CATATCGTCAGTAAGG,5414,2813
CATATGCCTGACAGGT,7692,3149
CATATGGCTCTTCAAG,3394,1809
CATATTGCTCGTAGTG,12952,5872
CATCATATGGAGTGGT,3767,1705
CATCCTGGTTGGTGAG,26669,10901
CATCGGTAACTGATGG,7589,3650
CATCGGTGTTAACAGG,6494,3461
CATCGGTGTTGCATAT,10820,5357
CATCGTATGCGGTGTA,15770,6872
CATCGTCCTAGGAATG,9036,4465
CATCGTTACTGTGGCA,20575,8548
CATCTATGTCTTCAGG,36459,17510
CATCTCAATGCGCTTG,15819,7624
CATCTCAATGTGTCTC,5095,2342
CATCTCTCTTCTAGGC,9878,3893
CATCTGCTCTATCGCT,4470,2323
CATGCTACTCGTATGT,8896,3786
CATGCTCTTGGCATAT,3930,1926
CATGGCTTCTAGTGGT,9613,4682
CATGTATCGTCAACTC,16034,6711
CATGTATGCTGGTGTA,3737,1853
CATGTCATCCGTGCTT,4009,1920
CATGTCTGTCCATGTG,3630,1859
CATGTGGAAGGGTAGG,5574,2438
CATGTTCTGCGTCAAT,4159,2173
CATTAACTCGGGTTGC,3458,1831
CATTCACCTTGGTAGG,5738,2896
CATTCACTCGTAGTTC,22217,10950
CATTCCTGACTCTCTC,28018,13095
CATTCCTTCAGCTGAA,13740,6178
CATTCGCTGTGTATGG,7825,3929
CATTCTCCTCCTCGTG,4438,2299
CATTGCTGACTCAGAG,7613,3459
CATTGCTGACTGTGAG,3676,1917
CATTGGTCGTCTAGGC,4535,2458
CATTGTATGGTGCTTG,7969,4085
CATTGTGTTGTGCGTG,14835,7062
CATTTCTGCTGTTCGT,7486,3682
CCTAATGGCTCATGTG,5987,3079
CCTAGGTTGCTGCATA,6202,3360
CCTATGTCGCGGTAGG,11617,5622
CCTCGCTAACTGCTTG,6082,3078
CCTCGGTGTATCTCGT,9328,4906
CCTCTCTGTCCTTGGC,10777,4395
CCTCTGGTCATGCGTT,9523,3865
CCTGATGTCTCTCTGT,7290,3287
CCTTAGGTTGACTTGG,4974,2287
CCTTCCTCTCTGTACT,5655,3096
CCTTGGCATTTGGCAA,7071,3168
CCTTGTCCTTTAGTCA,4381,2295
CTAAACTGGCGCTGAA,7043,3085
CTAAATGGCTTCGCAG,4259,2373
CTAATCCTGTATGTAG,7424,3238
CTAATCGTCACGTCTT,3599,2006
CTAATGCTGTCAACTC,4216,2276
CTACCTGGTTTCTGGC,6550,3288
CTACCTGGTTTGTACT,17419,8749
CTACCTTGTCCTCGTG,6871,3304
CTACGCAGTAATGTCG,3374,1725
CTACTCAGTAACTTGG,4039,2150
CTACTCCTCAGTTGGT,9247,4342
CTACTCTATGTGCATA,46797,15884
CTACTCTCGTGTTGCA,8001,4204
CTACTCTGTTTCGTGG,5201,2511
CTAGCTCTCAAGTGCA,16152,8137
CTAGCTCTTGGATGCT,8819,4413
CTAGGCTTCTACTGTC,3758,2045
CTAGGTATGGTCAGAG,5236,2506
CTAGGTGATCTACTGG,15071,7215
CTAGGTGTGAATCGCT,7842,4324
CTAGTCTGTTCATGTT,4529,2359
CTATCATCCTCTTACT,4080,2204
CTATCCTGACATTGGC,11130,5882
CTATCTCCTATGATGG,5461,2841
CTATGTACTGAGGATC,4732,2454
CTATGTCAGTGAACTG,3730,1900
CTATGTCCTTGAACTG,7146,3622
CTATGTCGCATGTCTC,7354,3723
CTATTCCTCTTTGAGT,7240,3951
CTTAACCTGGATGATG,3882,2040
CTTAACTGGCACTGTC,13837,5934
CTTCAAGTGTCTTGAT,10399,4941
CTTCATGTCCGCTCCT,4489,2146
CTTCCTCATCGGTGAG,4784,2531
CTTCCTCTCATCAGAG,13150,5861
CTTCCTGGTTCTAGGC,4648,2487
CTTCGGTGTAATCCTG,5104,2363
CTTCGTCCTAAACAGG,4474,2405
CTTCGTTCTTCTGGTG,6816,3331
CTTCTCAGTAGATCTC,5109,2819
CTTCTCCTATGAAGAA,5140,2408
CTTCTGGCATGTCAAT,3841,2081
CTTCTGGTCATGTACT,20794,9655
CTTCTGTGATTGTTCG,23434,10112
CTTCTTCTGTTCGCAG,11551,6105
CTTCTTGGCTTCAGTC,7617,3907
CTTGCTCTCAATTCGG,3869,2084
CTTGCTCTTGGGTAGG,7720,3903
CTTGCTTCATGTCTCT,4124,2235
CTTGGATTGTTGCAAG,4988,2525
CTTGGCTTCTAACAGG,24558,10058
CTTGGTCCTTAACAGG,4963,2521
CTTGTCATCCGTGCTG,6632,3423
CTTGTGTATGGCTAGT,3612,1851
CTTTAGTCGTGTCGTG,4398,2420
CTTTCCTCTCCGTCTT,15038,6667
CTTTCGCTAATCAGAT,9256,4375
CTTTCGTGTTTGTACT,4135,1940
CTTTGGTCCTTGGAGG,11946,5452
CTTTGTCGTTTGATGG,10929,5023
CTTTGTTCCTATGCTC,5950,2723
GAAAACCTGGGTGTGT,9275,4007
GAAAAGTGTGGGTTGC,3450,1795
GAAACATGGTCTAGGT,6138,3103
GAAAGTAGGCGGAAGG,4070,1902
GAAATGCTGCGTCGTG,3748,2061
GAAATTCGCTTAAGTG,5424,2754
GAACAACTGTTTCAGG,4118,2434
GAACAGTGCATCTTAG,9622,4681
GAACAGTGTTAATGCG,11334,5881
GAACCTTGTTTATCGC,12372,6423
GAACGCAACTTTGAGG,11947,5781
GAACGCTCTTCTACTC,14749,6790
GAACGGTGTAGCTGAA,4750,2442
GAACGTCTCATGGAGA,11719,4723
GAACGTCTGTTCAGTC,4334,2415
GAACTCTATGTAGTCA,3398,1834
GAACTCTGTTAGGCTG,5630,2969
GAACTGGCATGTATGG,45749,17443
GAACTGGTCTAGTGCA,19681,9091
GAACTGGTTCTGGATT,3651,1932
GAACTGTGTCTCAGAT,4647,2579
GAACTTCTCTGTATGT,5675,2562
GAAGCTTCATGCATTG,19533,8983
GAAGGCTTGACTAGAT,5705,2894
GAAGTAGGTTTGCATA,7782,4067
GAAGTGTGCTGGCTTA,7330,3709
GAATATGCTCTGGAGA,3940,2087
GAATCGCTATGGTGTA,14490,6493
GAATCTCCTCCATAGT,4023,2022
GAATCTGGACTGCGTG,6863,3737
GAATGATGCTTTGCTC,3816,2075
GAATGGCATTTGCAAG,4603,2248
GAATGGTGTTATGCTC,3887,2002
GAATGGTGTTTGTGAG,4225,2165
GACAAGTCTGAGGTTC,5739,2889
GACACTTCGTGGCTTA,6387,3250
GACAGGTTGTAGTGGT,9150,4374
GACAGTCTTGGGACTG,48965,17393
GACAGTTGCTAGGATC,11938,5322
GACAGTTGGTGATCTC,5158,2600
GACATCGTTGCTAGGT,6521,3567
GACATGCGCTTGGTTC,4446,2087
GACATGCTCTTCTGCT,26855,9965
GACATGCTGCTGGCAA,5078,2700
GACCATGCGTGTCAAT,17045,8649
GACCCTATGGTAACTG,19276,8075
GACCGGCATTTGGATA,4831,2592
GACCGTATGCTGGATC,3908,1977
GACCGTCTCATGGATA,5148,2451
GACCTCTCTAAGGTTG,5258,2722
GACCTGGTATCGTCTC,3482,1922
GACCTTGGATCATAGT,4067,2167
GACGATGTCTGTTGGT,7941,3588
GACGCTTGTAGGTTGG,11426,5294
GACGGATTGTAGGACA,43763,14816
GACGGTCCTTTTGGAG,4268,1994
GACGTACTCCCTACTC,7906,4055
GACGTGTGCTTTGTGG,6958,3575
GACTCAGTCTCTATGC,6053,2673
GACTCATGGTAGGCTG,18861,9184
GACTCATGGTTTCAGG,12080,5507
GACTCCTGTTGGTGTG,3544,1736
GACTCTCCTCATGATG,5096,2565
GACTCTTGAGGTTGGT,4836,2097
GACTGATGCTGCTATC,5839,3014
GACTGGATGTTGTGAT,7691,3792
GACTGGCATCAGTGCA,37035,16346
GACTGTACTGACAGCT,6351,2832
GACTGTCCTCTTGCTC,4073,2019
GACTTCCTCAGATCTC,15761,8003
GACTTCCTCAGTAATG,7439,3268
GACTTGGCTGTAGCGT,3669,1991
GATACAGGTTTCTCGT,19526,8447
GATACATGGCTTCGTG,4077,2157
GATACTCTGTCTCTGT,5303,2533
GATAGTCTGGTGTGAG,16552,7101
GATAGTTGCTTGTGAG,4601,2422
GATATCTCCTATGTCG,23099,11074
GATATTCGCTCAATAC,20457,8710
GATCCTCTCTTCAGTA,21625,10870
GATCCTCTGTCTAGGT,3458,1830
GATCCTGCTATATCGC,8807,4218
GATCCTTGTCTTGAGG,4262,2136
GATCGGTGTAGCGTTC,6955,3185
GATCGTCTCACTGGTT,9340,4628
GATCGTGTTCTACTGG,12454,6413
GATCTAGGCTTCTGAG,8401,4560
GATCTCCTCTCTATCG,10101,4494
GATCTGGAACGTTCTC,6640,3405
GATGCAATGGTCAGAT,3447,1886
GATGCTTCATCTAGAT,6461,3321
GATGTGTGATTAGTTC,4632,2316
GATGTGTGCTTGACTG,5886,2849
GATGTTGCTTTGGAGG,4551,2234
GATTATGGCTCTGTTC,3365,1766
GATTCACTGCACAGGT,6131,3144
GATTCCTTGGTGTCTC,10964,4740
GATTCTTCTGTGCATA,6254,3013
GATTGTGGACCGCTAG,8814,4411
GATTGTTCCTGCCTTG,4229,1918
GATTTGGCTGTCAGTC,6316,3241
GGAAACTGCTTGAAGG,21520,8437
GGAAGGTCTCCGTCTC,5924,2811
GGAAGTTGGTGGACTG,4207,2286
GGAATGCTGCGTTGGT,3763,1980
GGAATGGCTCGAACTG,4841,2596
GGACAGTGTCGCATCT,17937,8128
GGACATGCTAAGTGCA,4639,2416
GGACCTCTATCAATTG,3729,1889
GGACGGTGTAGATGCT,4950,2547
GGACGTATCTACAGGT,5376,2735
GGACGTGGAATTGCAG,6264,3229
GGACTCAGTAATTCGG,11452,5615
GGACTCTATGTAGTGG,7292,3644
GGACTCTGCATCTCGT,4029,2175
GGACTTGGTAGGACTG,4240,2117
GGAGATCTCTTGGAGG,3975,2164
GGAGCTGAACGGTGTA,5874,2466
GGAGCTTGTAGTTGGT,8023,3813
GGAGTCCTATGAACTG,3927,2117
GGAGTGCAACTCGCAG,9408,4806
GGATCACTGCGTGGTG,3491,1742
GGATCGTACTTTGAGT,4003,2121
GGATCTGCTTGATCTC,4659,2358
GGATCTGCTTGATCTT,3551,1665
GGATGGTGCATCAGTC,5215,2822
GGATTCACTCTATCGC,5666,2872
GTAAGGTTGAACTCAG,14215,6987
GTAATCATCGCATGTT,6119,3191
GTAATGCTCTATCTCG,6162,2980
GTACAACCTCATGTAG,6843,3380
GTACAGGTTGACTGTC,6601,3394
GTACCTCTATCAACTC,4453,2349
GTACCTTAGTTCAGAT,4147,2077
GTACGTCCTAATTCGG,5307,2645
GTACTATGTCTGGATT,10700,5143
GTACTGTCATGTAGTG,3714,1990
GTACTTAGGAGTTGCA,3948,1903
GTAGTATGTGTAGCGT,7979,4156
GTAGTTCTCGATGTCG,11407,5560
GTATCAGTTGTCGTGG,8861,4031
GTATGTCATGTCTGAG,6699,3682
GTATGTGTGTTCAGAT,4449,2398
GTATTGGCTGTAGTGG,6883,3815
GTCAACCTCTTCTGCT,9150,4529
GTCACATGGCTGTGAG,14661,7135
GTCACCTCATCGTCTT,6228,2863
GTCACTCTGTTGGTTC,5269,2835
GTCACTTGCTTTCGTG,23683,10762
GTCACTTGCTTTCTCT,3522,1847
GTCATGGATGATGTAG,3683,1804
GTCATGTCGCCAATTG,8844,3883
GTCCCTCTACTAGTTC,3839,2070
GTCCGGCATTTGCATA,3777,1942
GTCCGGCATTTTGTGG,11704,5000
GTCCGTATGCGATCTG,8752,4429
GTCCGTCTGTGGTGTA,35853,12743
GTCCTAAGGTAGTGCA,7959,3811
GTCCTAAGGTGTAATG,7018,3634
GTCCTCATCTAAGCGT,5737,3011
GTCCTCTCGTTGTGAT,14376,6947
GTCCTCTTCTTTGTGG,7866,4209
GTCCTGGCAAGTTCGT,3514,1876
GTCCTGTGTTATGATG,4001,2167
GTCCTTGGTTAGTGCA,8089,4003
GTCCTTGTTGGTTCTC,22771,9998
GTCCTTGTTGTTGTGG,5203,2661
GTCGATCTCTCATGTT,3366,1881
GTCGCTGATGGTTCGT,4004,2291
GTCGCTGTCTCGGACT,4234,2288
GTCGGCTTGATGATGC,5721,2997
GTCGTACTCATGTTCG,4657,2127
GTCGTATGCTTGTCTC,5292,3098
GTCGTGTGCTCATAGT,3419,1800
GTCGTTGCTTATTCGG,6366,3415
GTCTAGGACCTTGTGG,5653,2753
GTCTAGGCTCAGTCAG,6838,3268
GTCTATGGCTGCATCT,9902,4038
GTCTCAACTGAGGCTA,16287,8466
GTCTCACTCGGGCTAG,6353,3239
GTCTCACTCGTCAGAG,3926,2054
GTCTCAGGCTGTCGTG,3856,2104
GTCTCAGTCAGCGTTC,9817,5171
GTCTCATGCTTCTGAG,4398,2441
GTCTCTCCTCTCTAGG,7929,3813
GTCTGCAGTCATCGCG,3372,1833
GTCTGCTGACCGTCTC,7386,3763
GTCTGGCATTTACCTT,8393,4626
GTCTGGTATGGTAAGG,3382,1793
GTCTGGTCGTACAGCT,3903,2114
GTCTGTATGCTGGTCT,5445,2805
GTCTGTGGACTAACTG,7716,4039
GTCTGTGGTGGGCTAG,8487,4424
GTCTGTTGGCACAGGT,6370,3321
GTCTGTTGGCACTCAG,10135,5087
GTCTTCACTCTTCGTG,5269,2509
GTCTTGGCTGGTTCGT,3556,2012
GTCTTGTCGCGATCTC,24602,10739
TAAACATGGTTGCGTG,4594,2473
TAAACTTCCTCTTGGC,5398,2781
TAAAGGTTGTGCATTG,4650,2360
TAAAGTTGCTTGGAGG,4867,2658
TAACAACTCCTAGTTC,10582,4685
TAACATATGGCTGGTG,10207,4821
TAACATCGTTAGGTTG,5777,3270
TAACATGTCATGTTCG,7490,3665
TAACGCTAACTATCGC,4402,2215
TAACTAAGGTTGCTTG,8180,3768
TAACTAGTCTAATGCG,5111,2832
TAACTATGGTAGTGGT,4070,2198
TAACTCAGTAGTTCGT,5449,2906
TAACTCATCTTCTTGG,5064,2636
TAACTGCTATGCGTTC,3507,1869
TAACTGTACAACTTGG,4446,2332
TAACTTCGTGTGGATT,11864,4996
TAACTTCTGTGCTCCT,17843,8812
TAAGCTTCATAGTCAG,5076,2351
TAAGGCTGATTGGAGG,3927,2174
TAAGTCCTATGGCTTA,11279,5666
TAATATGGCTATGTCG,5558,2925
TAATCACTCGCTGGAT,8549,3931
TAATCATGGTTTGAGG,8657,4092
TAATCGCTGTTGCATC,5863,3161
TAATCTCGTGGCGTTC,3389,1859
TAATCTTGTCATGTCG,4962,2635
TAATGATGCTTAACTG,6859,3441
TAATGCGTCTTGAAGG,4902,2634
TAATGCTCTGCATGTT,9797,4807
TAATGGTGGTATGCGT,8695,4071
TAATGGTGGTGCATAT,5575,2869
TAATGTATGCGTATGG,3784,1972
TAATGTATGGATGTAG,4239,2121
TAATGTATGGTACCTT,11848,5242
TAATGTTCCTTAAGTG,9739,4688
TAATTAGGTGATCGCG,4596,2349
TAATTCTGCTTGATGG,3861,1746
TAATTGGTGCCTAGGC,5341,2424
TCAAACTTCGTGCAAG,5907,3068
TCAAATGTCGTGCGTG,4538,2491
TCAACTTCCTTGTTCG,3749,1961
TCAACTTCTGTTCTCT,15978,7060
TCAAGGTCTTGTTGCA,6789,3592
TCAAGGTTGCATTCGG,4488,2315
TCAAGTAGGCAATGCG,6286,3599
TCAATGCTCTTCAGAT,9522,4916
TCAATGGCTCGCATTG,35457,16640
TCAATGGCTCGCTAGT,7325,3835
TCAATGTGTGGCCTCA,6746,3463
TCACAACCTCCTGAAT,5095,2760
TCACATGTCCTAGTCA,5765,2975
TCACCTCTACGCAGTA,19300,8195
TCACGGTATCACTCAG,4911,2500
TCACGGTATCTGTACT,4763,2496
TCACGTCTGTCATCGT,6698,3229
TCACTAACTGTGTGTC,7606,3197
TCACTCAATGGTTCAT,3416,1887
TCACTCCTCAGGTTGC,3689,1733
TCACTCTGTTCAATTG,3409,1922
TCACTCTTAGGTGGTG,8639,4207
TCACTCTTAGGTTCTC,21003,9226
TCACTGCAGTCTAGGC,10710,4330
TCACTGGTCTTGGATT,44615,15268
TCACTGGTTCAGGCTG,9484,4668
TCACTGTGTCGTATGT,4808,2555
TCACTTGGCAAGTGGT,4613,2477
TCACTTGGCTCATAGT,21781,8365
TCAGAATCTGAGGCTA,6411,3193
TCAGATGTTGCTACTC,5913,3039
TCAGCAAGGTGTTCGT,4123,2098
TCAGCTCTTGTGCGTT,9730,4190
TCAGCTTGGTGTCAAT,7507,3872
TCAGGATTGTCATGTG,4137,2239
TCAGTACTCCGCATTG,3800,2099
TCAGTAGGTTGTGGTA,8271,4113
TCAGTGGAAGGTTCTC,6934,3289
TCATACTGCTGTGGCA,8419,4643
TCATATGCTCGGTTGG,10114,5592
TCATCACCTTGTGATT,13293,6489
TCATCAGGTGTTCTCT,4601,2426
TCATCGTCTCCTGGTT,3638,2019
TCATCTCGTTCAATGT,5645,2631
TCATGGCATTGTCAAG,4159,2241
TCATGGTGCAGTCAAT,36432,13427
TCATGTTCGTCAATTG,7740,4190
TGAAAGTCTCAGGACA,4773,2545
TGAACATGGCGATCTT,3748,1967
TGAACTTCGTGTATGT,15660,6976
TGAAGGTTGAGTATGT,6083,3458
TGAAGTCTTGGTTCGT,3734,1792
TGAAGTTGGTGTCATC,3615,1907
TGACAGTGTCTTGAGT,6223,3302
TGACGTGGAATTGCTC,5955,2973
TGACTAACCTGCATTG,12337,6448
TGACTATCGCTGTGTC,12297,5892
TGACTCAGTATTGTGG,5785,2641
TGACTCCTCTTCGCAG,8199,4288
TGACTCTCTTTGATGC,7816,4085
TGACTCTTCTCAACTC,12830,5730
TGAGCTCTCAGTTCGT,4318,2133
TGAGTCCTATTGTTCG,3440,1831
TGATAGGCTCGCTATC,6702,3434
TGATCAGTCAATGCGT,19840,8642
TGATCGCTATATTGGC,7632,3433
TGATCTGGACGGCTTA,6661,3646
TGATCTTGAGTAACTG,5670,2781
TGATGGCATTGTCTCT,6824,3578
TGATGTGCAGATCTCG,6662,3043
TGATTCCTCCTTGAGT,6546,3269
TGATTGCGTGTTGCAG,4424,2273
TGCACTGTGGATGCGT,5336,2330
TGCACTTGCTGTTCTC,8008,3903
TGCACTTGCTTCAGTC,8213,4008
TGCAGGTCTTAACAGG,10387,5496
TGCAGTCTGGGAAGAA,6611,3250
TGCAGTCTGTTCTGCT,7879,3835
TGCATCCTTGTCCTTA,4966,2630
TGCATCTCTGAGGTTC,7627,3734
TGCATGCCTGCTCTGT,14234,6569
TGCATGGATGTCTAGG,7531,3309
TGCCAGTGCAGATCTC,12954,6411
TGCCATCGTTTGTTCG,10950,4460
TGCCATGCTATTGCTC,20097,8933
TGCCATGGTTTGGATC,12896,5261
TGCCATGTCATGCATA,9891,4947
TGCCGCTATCTGGATT,20305,7814
TGCCGTCCTATGATGG,5012,2559
TGCCGTCTACATGCGT,13739,5364
TGCCGTCTACGCCTTG,18962,8689
TGCCTCTGTTTACTGG,3676,1965
TGCCTGTGTTTTGCTC,8379,4264
TGCCTTCCTTTGATGC,18644,7209
TGCCTTCGTGCTTGGC,69880,21247
TGCCTTCTGTTGCATC,10201,4614
TGCGATTCCTTGCAAG,5271,2733
TGCGCATGTTGTTGCA,13448,6530
TGCGCTACAGATTGGC,16953,7536
TGCGCTGTATCGCTAG,5028,2519
TGCGCTTGGTGTCGTG,12235,6300
TGCGGATTGTACAGCT,5082,2674
TGCGGATTGTCTAGGC,3699,1958
TGCGTATCCTAATGCG,15729,7078
TGCGTCCTCAGGACTG,4187,2279
TGCGTCTCTTGGTGTG,7166,3774
TGCGTCTCTTTGCGTG,5316,2651
TGCGTTAGGTCGCAAT,6726,2836
TGCGTTCTCGCGTCTT,18196,7696
TGCGTTGCTTAGGTTC,4368,2441
TGCTACTGCTTCCTTA,5486,2704
TGCTAGTGGTACTGTC,4244,2170
TGCTCAGTCATGCTTG,5165,2758
TGCTCATCCTGCTCCT,3555,1866
TGCTCCTGATAACAGG,12052,5982
TGCTCCTTCTCTAGGT,19714,9162
TGCTCTACCTTGCATC,6685,3400
TGCTCTGACTTTGTGG,6350,3268
TGCTGCTCTGATGATG,26536,9448
TGCTGCTGACCGCAAT,10548,5162
TGCTGGTCCTTGTCAT,4901,2539
TGCTGGTCGTAGGATC,4690,2165
TGCTGGTCGTTCTTAG,6844,3438
TGCTGGTGGTGTCGTG,16914,7567
TGCTGTATGCTCTTGG,9292,4762
TGCTGTCCTTCAATTG,4823,2528
TGCTGTCTTCAACAGG,4873,2580
TGCTTGCGTGTGGTTC,8686,3588
TGTAAGTCTCATCCTG,18615,7935
TGTAAGTCTGGGTTGC,4663,2546
TGTACTGGATTTGAGG,13073,6391
TGTACTTCTCATCTTC,12563,6154
TGTACTTCTCCTGTTC,10608,4716
TGTAGGTTGCATCTCG,4840,2506
TGTAGTCTTGTGTGAG,3869,2026
TGTATCCTGTTCTCTC,30270,13364
TGTATGTCGCGCAATT,3461,2104
TGTATTCGCTATTGGC,64168,21634
TGTCCTCATCGTATGT,12756,6358
TGTCCTCTATCTAGGT,58209,18165
TGTCCTCTATTACTGG,27500,11410
TGTCCTGTGTTTGCTC,26958,12033
TGTCGCAATCTGCATC,9183,4501
TGTCGCAGTACGTTCT,30040,10864
TGTCGCATACAGGTTG,12946,5593
TGTCGGTGTTGCTATC,10886,5161
TGTCTACTCTCTACTC,12678,6364
TGTCTCCTCTAGGACA,9434,4615
TGTCTCTCGTTGTCTC,5437,2871
TGTCTGTGATTCAGTA,6610,3353
TGTCTTGGCAGATCTT,3476,1899
TGTGCTCTCTTGACTG,3467,1829
TGTGCTGTATTCGTGG,27159,13085
TGTGGCTTCTTGGATC,12609,5653
TGTGGTATGGATCCTG,7674,3543
TGTGTAAGGTGGAATG,6967,2930
TGTGTATCGTTAGTGG,9642,4023
TGTGTATGCTTGGATC,4320,2065
TGTGTATGTGCTCTGT,6723,3000
TGTGTTCTCGTGTCAT,3647,2064
TGTTAGTCGTATTCGG,15873,5869
TGTTCAACTGTGGCAA,8598,4455
TGTTCAATGGTGCATC,24231,10847
TGTTCGTACTCAACTC,5541,2742
TGTTCTGCTTCTTACT,8687,4474
TGTTCTGCTTTGGATC,5660,2693
TGTTCTGGACTGCATA,11124,4561
TGTTGCAGTCGCCTCA,5922,2871
TGTTGCGTCAGGTGTA,11456,4469
TGTTGGTGGTTGCATC,3889,2110
TGTTGTCCTTACTCAG,6138,3177
TGTTTGGTCACGTCTC,25430,10159
TGTTTGTCGCCGTCTT,10045,4429
TTAAACTCTGGCCTCA,3477,1794
TTAACTCTGTGTTGAG,3549,1852
TTAAGTAGGTCATAGT,7087,3467
TTAAGTCTGTTCTCGT,3703,1871
TTAATCATCGCGTCTC,10775,5070
TTAATCTCTGGTCGTG,8787,4408
TTAATGCTGTGCATTG,10337,5013
TTAATGGTTCGTATGT,6781,3817
TTACATGGTTGCATAT,7014,3594
TTACCTCTACATCGCT,3599,1871
TTACCTGATTTCAGTA,4519,2284
TTACCTTGTGTGTCTC,6051,2631
TTACGGCTTAAACAGG,20470,9744
TTACGTGTTCATGTAG,6021,2585
TTACTCATCTCAACTC,52388,22060
TTACTCTCGTTGCATA,6118,3213
TTACTCTCTACGTCTT,25161,9910
TTACTCTGCATCGCAG,5544,2975
TTACTCTTCTTAAGTG,15340,6589
TTACTGTCGTACTTGG,7067,2871
TTACTTGGATTTGTGG,4889,2731
TTAGATTCCTGGCTTA,33454,12795
TTAGCTGTCAGGAATG,4263,2281
TTAGTCTGTCGGTTGC,20918,7809
TTAGTCTGTCGTATGG,9952,4777
TTAGTTCCTGGCTGAA,4558,2354
TTATACTGCTTTGAGT,8345,4220
TTATAGGACTAGTGCA,9009,3824
TTATCACCTTGTGATT,5139,2408
TTATCAGTCACTTACT,5567,3116
TTATCAGTCTATCCTG,4155,2235
TTATCCTGTTTGGAGA,4996,2656
TTATCGTCTCCTAGGC,7723,3990
TTATCGTTCTGTATGT,6528,3411
TTATCTGGATAACAGG,78737,22711
TTATGGCATTTACCTT,8220,3723
TTATGGCTCTAGGTTG,4463,2420
TTATGTATGGTGTGAG,8275,4158
TTATGTCATGGATCTC,8035,4000
TTATGTCCTTCTAGGC,5685,2783
TTATGTCGCACGTCTT,5066,2875
TTATGTGTCCGTCTCT,10167,4452
TTATTCAGGTGTCTTC,7876,3902
TTATTGCATGTGAAGG,15747,6685
TTATTGCATGTGTGAT,6664,3425
TTCACCTCATTGCGTT,7179,3846
TTCCTAGGTGACTGTC,4894,2571
TTCCTGGCAATCTAGG,4642,2481
TTCCTGGTTCTCCTTA,4376,2398
TTCGCTCTCTACAGGT,14543,5969
TTCTATGCTCTGCTTG,25024,10140
TTCTGGTCCTGAACTG,6739,2706
TTCTGTGGTGTGTCTC,4006,2078
TTGACATGGCGTAGTG,5484,2490
TTGACTCTGTCTAGGC,11119,5128
TTGAGGTCTTCTGGTG,12976,6098
TTGATCCTTGTGGTCT,5235,2758
TTGATCGTCAGTGGTA,9887,4661
TTGATCGTCATCGGTG,7927,3780
TTGCAAGTGTTCTTGG,9319,3891
TTGCATATGGGCTCCT,4055,2160
TTGCCTCTAGTCTCGT,8412,4365
TTGCCTCTATGTGATT,24319,11185
TTGCCTCTATTCAGTC,4815,2422
TTGCGCAGTATAGTCA,24646,9573
TTGCGCTCTTTGTACT,8555,4206
TTGCGGCTATGTAGTG,5920,3250
TTGCGGTACTGTGCTT,9588,4091
TTGCGGTATCTGTACT,6219,2903
TTGCGTATCTTGTGAT,10236,5089
TTGCGTTCTTGTATGT,9654,4621
TTGCTCATGTTTACCT,8872,4552
TTGCTGCTATTTCAGG,21151,8892
TTGCTGGCATGTGGTA,9823,5210
TTGCTGGTCAGTTCGT,4477,2025
TTGCTTGTTGTCCTTA,15872,7673
TTGGCTACAGAGTCTG,5580,2795
TTGGCTGTTCGTCTCT,4697,2403
TTGGCTTCATGTAATG,30004,11282
TTGGGCTTGAGCCTCA,10765,5430
TTGGGCTTGAGTTCGT,5135,2668
TTGGTATCGTTTGCTC,3522,1934
TTGGTCATCCCTCGTG,12825,6014
TTGGTCTGTCTGTGAG,3729,1961
TTGGTGCGTTTTCAAG,4515,2357
TTGGTTCCTGTCTCGT,31503,14078
TTGTAGTGTGGTTGGT,8923,4332
TTGTCAATGGACTGTC,10404,4199
TTGTCAGTCATGTTCG,13892,6178
TTGTCAGTCTTCTAGG,7697,4049
TTGTCCTCTCGGTGTT,7018,3382
TTGTCGCTATAGGCTG,22372,10894
TTGTCGTGTCTGGATT,6820,3226
TTGTCTGGCATGTCTC,6937,3317
TTGTCTTCTGTGCGTT,3760,2013
TTGTCTTGAGTTGAGG,22182,8816
TTGTCTTGTCTGCATA,8374,4412
TTGTGGATGTACTGTC,7230,3522
TTGTGGATGTCTGGAT,5704,3032
TTGTGGCATCGCAATT,18943,8775
TTGTGGCATTAATGCG,7455,3468
TTGTGGTCCTGGAATG,11738,4643
TTGTGTCGTTTCTGCT,7371,3689
TTGTGTCTGAGCCTCA,4776,2226
TTGTGTGTCCTCAGAT,9372,4747
TTGTGTTCCTTCTCGT,5864,2995
TTGTTGCATGGTTGGT,7181,3498
TTGTTGTCGCTGTTCG,4711,2371

